epoch,train_loss,val_loss,val_accuracy,val_f1_score
1,0.20137142468283029,0.16838922262191772,0.4503333333333333,0.6016926016926017
2,0.17354771623807158,0.15675884838898976,0.477,0.627620722304883
3,0.1697581815249762,0.15733102981249492,0.4756666666666667,0.6258944241933306
