epoch,train_loss,val_loss,val_accuracy,val_f1_score
1,0.3661229103905198,0.18721848869323732,0.453,0.5975103734439834
2,0.21459657770516272,0.18158980158964794,0.453,0.5975103734439834
