epoch,train_loss,val_loss,val_accuracy,val_f1_score
1,0.3514857294250725,0.17847690522670745,0.45866666666666667,0.6172274562584118
2,0.2342628143238728,0.15048180675506592,0.4703333333333333,0.6315361690598754
3,0.2020420314365183,0.14296239602565766,0.47433333333333333,0.641299932295193
