epoch,train_loss,val_loss,val_accuracy,val_f1_score
1,0.3512622830752603,0.18751618774731954,0.453,0.5975103734439834
