epoch,train_loss,val_loss,val_accuracy,val_f1_score
1,3.1090609365647803,2.625788071314494,0.005666666666666667,0.4520540204554444
