epoch,train_loss,val_loss,val_accuracy,val_f1_score
1,0.29036204534109333,0.18186592876911165,0.453,0.5975103734439834
2,0.19749921691216332,0.17063213475545247,0.453,0.5979488510969752
