epoch,train_loss,val_loss,val_accuracy,val_f1_score
1,0.1269656955447351,0.13145321146647135,0.512,0.6891327063740856
2,0.1252094640332092,0.12999235286315283,0.518,0.6970050563982886
3,0.12442507014696395,0.13450928209225338,0.5186666666666667,0.6928785314412186
4,0.12228245791205125,0.13632202434539795,0.5226666666666666,0.6965031315240083
5,0.12106503501969419,0.12790833099683127,0.5196666666666667,0.7023117654655818
6,0.11907227417617784,0.13727970731258393,0.5313333333333333,0.7053490480507706
7,0.11847997259070987,0.13579529956976572,0.5296666666666666,0.7004032782620008
