epoch,train_loss,val_loss,val_accuracy,val_f1_score
1,0.5413182775282581,0.3807196052869161,0.4726666666666667,0.673211464680659
2,0.24031725774466295,0.13705677016576132,0.5053333333333333,0.6911339121283873
3,0.13049557428392486,0.1218603825767835,0.55,0.7375634517766497
4,0.11954400207086181,0.11870328120390575,0.552,0.7415844090103771
