epoch,train_loss,val_loss,val_accuracy,val_f1_score
1,0.5413182775282581,0.3807196052869161,0.4726666666666667,0.673211464680659
2,0.24031725774466295,0.13705677016576132,0.5053333333333333,0.6911339121283873
