epoch,train_loss,val_loss,val_accuracy,val_f1_score
1,0.1269656955447351,0.13145321146647135,0.512,0.6891327063740856
