epoch,train_loss,val_loss,val_accuracy,val_f1_score
1,0.3514857294250725,0.17847690522670745,0.45866666666666667,0.6172274562584118
2,0.2342628143238728,0.15048180675506592,0.4703333333333333,0.6315361690598754
3,0.2020420314365183,0.14296239602565766,0.47433333333333333,0.641299932295193
4,0.19542211723170433,0.1418200433452924,0.47733333333333333,0.6406059786284323
5,0.19130793685011555,0.13943408612410227,0.4786666666666667,0.6475111290975314
6,0.18155401951737854,0.13401078522205354,0.4866666666666667,0.6537837837837838
