epoch,train_loss,val_loss,val_accuracy,val_f1_score
1,0.6097936817258707,0.4596783691247304,0.36766666666666664,0.628476084538376
2,0.26538035984718633,0.1509886917670568,0.5696666666666667,0.7621113521330442
3,0.12288476973175914,0.14050543574492136,0.5416666666666666,0.7160621761658031
