epoch,train_loss,val_loss,val_accuracy,val_f1_score
1,0.40378675750801873,0.202127339442571,0.453,0.5975103734439834
2,0.2107298481855627,0.19820186587174735,0.453,0.5975103734439834
3,0.20102273932579343,0.1945094711780548,0.453,0.5975103734439834
4,0.1966419199304698,0.19191267442703247,0.453,0.5975103734439834
5,0.19391242771400205,0.188055948694547,0.453,0.5975103734439834
6,0.1923456587938401,0.19264947378635405,0.453,0.5975103734439834
7,0.19136193362867096,0.18867049300670624,0.453,0.5975103734439834
8,0.19017289870137513,0.18577611271540323,0.453,0.5975103734439834
