epoch,train_loss,val_loss,val_accuracy,val_f1_score
1,0.2988075994795244,0.17960063815116883,0.453,0.5975103734439834
2,0.19910939199418592,0.16967936396598815,0.453,0.5975103734439834
3,0.1829209443612847,0.15634684908390045,0.45266666666666666,0.61165942887222
4,0.1727236381882755,0.1464790004293124,0.46066666666666667,0.6265738012322529
5,0.16498797717077113,0.14356844027837118,0.4723333333333333,0.6383605679078489
