epoch,train_loss,val_loss,val_accuracy,val_f1_score
1,0.31622261316542416,0.18023988040288288,0.453,0.5975103734439834
