epoch,train_loss,val_loss,val_accuracy,val_f1_score
1,0.14974786971216467,0.12164844489097595,0.5146666666666667,0.6964544615790167
2,0.14004323637596783,0.119585844039917,0.5333333333333333,0.7121591358187327
3,0.13198978330121428,0.11483475166559219,0.5526666666666666,0.7339637107078968
4,0.12892247585874783,0.1154950945576032,0.5453333333333333,0.7282038151325054
