epoch,train_loss,val_loss,val_accuracy,val_f1_score
1,0.364580764640153,0.18571674390633902,0.453,0.5975103734439834
