epoch,train_loss,val_loss,val_accuracy,val_f1_score
1,0.3661229103905198,0.18721848869323732,0.453,0.5975103734439834
