epoch,train_loss,val_loss,val_accuracy,val_f1_score
1,0.18339390519734294,0.12885230457782745,0.5086666666666667,0.6882055274425847
2,0.12192709019231274,0.10975543536742528,0.5513333333333333,0.7424299065420561
3,0.10838936176220035,0.10316194532314936,0.5646666666666667,0.7628307692307692
4,0.10097029007577175,0.09796125914653142,0.5856666666666667,0.7795868772782503
