epoch,train_loss,val_loss,val_accuracy,val_f1_score
1,0.364580764640153,0.18571674390633902,0.453,0.5975103734439834
2,0.20873598960403655,0.17668539504210154,0.453,0.5973520249221184
3,0.19487304901622776,0.1702551232179006,0.4523333333333333,0.5961128860489883
