epoch,train_loss,val_loss,val_accuracy,val_f1_score
1,0.29036204534109333,0.18186592876911165,0.453,0.5975103734439834
