epoch,train_loss,val_loss,val_accuracy,val_f1_score
1,0.36090663119605215,0.1865673673550288,0.453,0.5975103734439834
