epoch,train_loss,val_loss,val_accuracy,val_f1_score
1,0.34162085193680874,0.1868801421324412,0.453,0.5975103734439834
