epoch,train_loss,val_loss,val_accuracy,val_f1_score
1,0.3051587365559956,0.18442244084676107,0.453,0.5975103734439834
2,0.21002595768246515,0.17667991693814594,0.453,0.5975103734439834
3,0.193521995706229,0.16750274674097698,0.4493333333333333,0.6081665765278529
4,0.18123097641368427,0.15863511351744333,0.44166666666666665,0.6089725837718084
