epoch,train_loss,val_loss,val_accuracy,val_f1_score
1,0.14880675488771342,0.1224828806122144,0.516,0.6927048854759699
2,0.14661248113282752,0.12116412508487702,0.5186666666666667,0.6989628462649337
