epoch,train_loss,val_loss,val_accuracy,val_f1_score
1,0.3132971085333121,0.18634923585255941,0.453,0.5975103734439834
2,0.20812556243177732,0.17559155333042145,0.453,0.5973015049299429
