epoch,train_loss,val_loss,val_accuracy,val_f1_score
1,0.15681170254442353,0.13389524388313293,0.5106666666666667,0.6806477302893549
