epoch,train_loss,val_loss,val_accuracy,val_f1_score
1,0.6676986046253549,0.5929236426353455,0.3903333333333333,0.6324965864930154
2,0.5795202055830906,0.5321288011868794,0.491,0.7125532612258276
