epoch,train_loss,val_loss,val_accuracy,val_f1_score
1,0.34162085193680874,0.1868801421324412,0.453,0.5975103734439834
2,0.20761441329988414,0.17979935244719186,0.453,0.5975103734439834
3,0.19511281319734236,0.17426755638917288,0.453,0.5975103734439834
4,0.18738164368214863,0.16793949635823568,0.453,0.5978204462895693
5,0.18067284883093102,0.16097005105018616,0.4523333333333333,0.6114126837018403
6,0.17480709135603031,0.15615560281276702,0.4493333333333333,0.6238630283574104
