epoch,train_loss,val_loss,val_accuracy,val_f1_score
1,0.3132971085333121,0.18634923585255941,0.453,0.5975103734439834
2,0.20812556243177732,0.17559155333042145,0.453,0.5973015049299429
3,0.19166353809460832,0.16641976233323416,0.4513333333333333,0.6074529183918792
4,0.1820320325889381,0.15825459090868632,0.44766666666666666,0.6167567567567568
