epoch,train_loss,val_loss,val_accuracy,val_f1_score
1,0.3514857294250725,0.17847690522670745,0.45866666666666667,0.6172274562584118
