epoch,train_loss,val_loss,val_accuracy,val_f1_score
1,3.1861733954329723,2.677939547856649,0.002,0.4482447228806863
