epoch,train_loss,val_loss,val_accuracy,val_f1_score
1,0.12649636266893555,0.12930916865666708,0.5123333333333333,0.6878947368421052
2,0.12525763005958804,0.129354665517807,0.5123333333333333,0.6871943967226113
3,0.12370182479407314,0.13398772325118383,0.5183333333333333,0.6921967213114754
