epoch,train_loss,val_loss,val_accuracy,val_f1_score
1,3.1389020462886794,2.614769230524699,0.007,0.4859322245842191
2,2.6569757185294587,2.403214867909749,0.006333333333333333,0.48591425042639536
