epoch,train_loss,val_loss,val_accuracy,val_f1_score
1,0.2988075994795244,0.17960063815116883,0.453,0.5975103734439834
