epoch,train_loss,val_loss,val_accuracy,val_f1_score
1,0.3132971085333121,0.18634923585255941,0.453,0.5975103734439834
2,0.20812556243177732,0.17559155333042145,0.453,0.5973015049299429
3,0.19166353809460832,0.16641976233323416,0.4513333333333333,0.6074529183918792
4,0.1820320325889381,0.15825459090868632,0.44766666666666666,0.6167567567567568
5,0.17434073182932094,0.15316757313410442,0.4493333333333333,0.6246479817621027
6,0.16749365706146338,0.14876394120852152,0.4513333333333333,0.630314482386287
7,0.16170595752334468,0.1435204577843348,0.45766666666666667,0.6392141030816848
8,0.15672172383875965,0.13948983403046925,0.4686666666666667,0.6475223721116602
9,0.1519823555752761,0.13812334450085959,0.477,0.6564498933901919
