epoch,train_loss,val_loss,val_accuracy,val_f1_score
1,0.4965442479570842,0.2921217973232269,0.328,0.5195384211906635
2,0.14822770760472323,0.12410498891274134,0.5383333333333333,0.7220962459057697
