epoch,train_loss,val_loss,val_accuracy,val_f1_score
1,0.12666118714076924,0.12883780614535015,0.5156666666666667,0.6889500589854503
2,0.12562533179765845,0.13168669148286183,0.5106666666666667,0.6878460321645136
