epoch,train_loss,val_loss,val_accuracy,val_f1_score
1,0.03305510760975345,0.11851310900847117,0.6013333333333334,0.7981558529180254
