epoch,train_loss,val_loss,val_accuracy,val_f1_score
1,0.42945717195658034,0.18088591492176057,0.419,0.6081388730791121
