epoch,train_loss,val_loss,val_accuracy,val_f1_score
1,0.40378675750801873,0.202127339442571,0.453,0.5975103734439834
2,0.2107298481855627,0.19820186587174735,0.453,0.5975103734439834
3,0.20102273932579343,0.1945094711780548,0.453,0.5975103734439834
