epoch,train_loss,val_loss,val_accuracy,val_f1_score
1,0.6938212396551333,0.641031805674235,0.319,0.5701298701298702
2,0.6096621687314407,0.5355099156697591,0.48933333333333334,0.702785698618118
3,0.5183871505056987,0.4520135265191396,0.539,0.7499153212148583
4,0.41630569384316723,0.4504707233111064,0.5463333333333333,0.7601769911504425
