epoch,train_loss,val_loss,val_accuracy,val_f1_score
1,0.18339390519734294,0.12885230457782745,0.5086666666666667,0.6882055274425847
