epoch,train_loss,val_loss,val_accuracy,val_f1_score
1,0.6676986046253549,0.5929236426353455,0.3903333333333333,0.6324965864930154
2,0.5795202055830906,0.5321288011868794,0.491,0.7125532612258276
3,0.5398712603670347,0.5077168226242066,0.509,0.7273128725988077
4,0.5052024417717309,0.4672677262624105,0.5276666666666666,0.7423797696997064
5,0.4151163003297713,0.3211097127596537,0.5563333333333333,0.7517133581820368
