epoch,train_loss,val_loss,val_accuracy,val_f1_score
1,0.6097936817258707,0.4596783691247304,0.36766666666666664,0.628476084538376
