epoch,train_loss,val_loss,val_accuracy,val_f1_score
1,0.20137142468283029,0.16838922262191772,0.4503333333333333,0.6016926016926017
2,0.17354771623807158,0.15675884838898976,0.477,0.627620722304883
3,0.1697581815249762,0.15733102981249492,0.4756666666666667,0.6258944241933306
4,0.16703855200270615,0.15371264453728994,0.48133333333333334,0.6317650258362796
5,0.16288752121949376,0.14702098993460339,0.49,0.6381387619443291
6,0.1559860795595007,0.14488983245690665,0.495,0.647673314339981
7,0.15469667698554876,0.14017616204420724,0.49766666666666665,0.656179176109852
8,0.1525971243859821,0.13878808104991913,0.5063333333333333,0.6656840412702667
