epoch,train_loss,val_loss,val_accuracy,val_f1_score
1,0.6053825942679394,0.5971334169705709,0.06566666666666666,0.3965270684371808
