epoch,train_loss,val_loss,val_accuracy,val_f1_score
1,3.1861733954329723,2.677939547856649,0.002,0.4482447228806863
2,2.706921051795226,2.4472947018941245,0.004333333333333333,0.47338501291989665
3,2.546560543451438,2.326356563250224,0.005333333333333333,0.48818990398774814
4,2.441095832472007,2.303842192967733,0.005666666666666667,0.4977698483496878
5,2.3506338222589576,2.3277878335316977,0.006333333333333333,0.5068459657701712
6,2.293160532965344,2.2582089468638102,0.006666666666666667,0.5036302032913843
