epoch,train_loss,val_loss,val_accuracy,val_f1_score
1,0.12666118714076924,0.12883780614535015,0.5156666666666667,0.6889500589854503
2,0.12562533179765845,0.13168669148286183,0.5106666666666667,0.6878460321645136
3,0.12402149581731664,0.13172178200880685,0.5236666666666666,0.696493982208268
4,0.1222808887948282,0.13131344308455786,0.5243333333333333,0.6991299831190755
5,0.120030390925276,0.12899209141731263,0.5233333333333333,0.6974372384937239
6,0.11975070579367438,0.1304328252871831,0.5263333333333333,0.6996613701484762
7,0.11860667860058435,0.1327176737387975,0.5263333333333333,0.7001557632398754
8,0.1184475976597876,0.1302655764023463,0.5246666666666666,0.700506296248215
