epoch,train_loss,val_loss,val_accuracy,val_f1_score
1,0.6053825942679394,0.5971334169705709,0.06566666666666666,0.3965270684371808
2,0.26325069211565805,0.14269520099957783,0.561,0.7491671807526218
3,0.12300715856899913,0.10880798270304998,0.5703333333333334,0.7638398831974693
4,0.09802527574234175,0.09950839388370514,0.5906666666666667,0.7838686307655156
5,0.08672920677737495,0.1691770481665929,0.436,0.7201861547411286
6,0.07810206882846604,0.10025328528881074,0.6013333333333334,0.794743574834283
7,0.0717123076496327,0.09525418702761332,0.6066666666666667,0.8004174881131857
8,0.06594412271107263,0.10942803651094436,0.5966666666666667,0.7810442144873001
