epoch,train_loss,val_loss,val_accuracy,val_f1_score
1,0.29036204534109333,0.18186592876911165,0.453,0.5975103734439834
2,0.19749921691216332,0.17063213475545247,0.453,0.5979488510969752
3,0.18467760931687774,0.1590723512172699,0.4523333333333333,0.6025486250838363
4,0.17474783670639069,0.15088988093535105,0.4513333333333333,0.6176706827309237
5,0.1672721144028868,0.14679665750265122,0.4533333333333333,0.6276240139056024
6,0.1612530201077373,0.14175161945819856,0.4676666666666667,0.6387782204515272
7,0.15660660458345876,0.1384786508480708,0.482,0.6600026305405761
8,0.15192533905178657,0.13699256066481272,0.49033333333333334,0.6689428759028234
9,0.14946279273702226,0.13478975454966227,0.5003333333333333,0.673987827467584
