epoch,train_loss,val_loss,val_accuracy,val_f1_score
1,3.1090609365647803,2.625788071314494,0.005666666666666667,0.4520540204554444
2,2.6504353153951117,2.438238960901896,0.0033333333333333335,0.4734030197444832
3,2.4920340013214353,2.3596122868855796,0.005,0.48430652611630937
4,2.3963012415173317,2.2713845297495525,0.006333333333333333,0.49688995215311005
