epoch,train_loss,val_loss,val_accuracy,val_f1_score
1,0.20137142468283029,0.16838922262191772,0.4503333333333333,0.6016926016926017
