epoch,train_loss,val_loss,val_accuracy,val_f1_score
1,0.29036204534109333,0.18186592876911165,0.453,0.5975103734439834
2,0.19749921691216332,0.17063213475545247,0.453,0.5979488510969752
3,0.18467760931687774,0.1590723512172699,0.4523333333333333,0.6025486250838363
4,0.17474783670639069,0.15088988093535105,0.4513333333333333,0.6176706827309237
