epoch,train_loss,val_loss,val_accuracy,val_f1_score
1,0.3051587365559956,0.18442244084676107,0.453,0.5975103734439834
2,0.21002595768246515,0.17667991693814594,0.453,0.5975103734439834
