epoch,train_loss,val_loss,val_accuracy,val_f1_score
1,0.14974786971216467,0.12164844489097595,0.5146666666666667,0.6964544615790167
