epoch,train_loss,val_loss,val_accuracy,val_f1_score
1,3.1090609365647803,2.625788071314494,0.005666666666666667,0.4520540204554444
2,2.6504353153951117,2.438238960901896,0.0033333333333333335,0.4734030197444832
