epoch,train_loss,val_loss,val_accuracy,val_f1_score
1,0.12649636266893555,0.12930916865666708,0.5123333333333333,0.6878947368421052
