epoch,train_loss,val_loss,val_accuracy,val_f1_score
1,0.18339390519734294,0.12885230457782745,0.5086666666666667,0.6882055274425847
2,0.12192709019231274,0.10975543536742528,0.5513333333333333,0.7424299065420561
3,0.10838936176220035,0.10316194532314936,0.5646666666666667,0.7628307692307692
4,0.10097029007577175,0.09796125914653142,0.5856666666666667,0.7795868772782503
5,0.09544467217287393,0.09476603498061498,0.6,0.7904134212103056
6,0.09120584088094076,0.0925368895928065,0.6053333333333333,0.7933983857366582
7,0.08751734549941124,0.09213011197249095,0.6043333333333333,0.7981031416716065
8,0.08403124425663455,0.09133365601301194,0.606,0.7981934870454005
