epoch,train_loss,val_loss,val_accuracy,val_f1_score
1,0.5413182775282581,0.3807196052869161,0.4726666666666667,0.673211464680659
