epoch,train_loss,val_loss,val_accuracy,val_f1_score
1,0.6706508628649789,0.6062998024622599,0.0016666666666666668,0.35398995083472906
